Cam Markası,İnceltilme Miktarı (mm),Ek Özellikler,Cam Kasko Süresi (yıl),Çerçeve Markası,Çerçeve Tipi,Fiyat (TL)
Marka C,1.3209349826465688,UV Filtre,3,Marka Y,Plastik,323.20934982646565
Marka A,3.0980455582810187,UV Filtre,4,Marka X,Plastik,410.9804555828102
Marka C,2.641587307958646,UV Filtre,3,Marka Z,Titanyum,376.41587307958645
Marka C,4.929514467634426,Anti-Refle,4,Marka Y,Metal,439.29514467634425
Marka A,1.4481556086722094,Anti-Refle,2,Marka Z,Titanyum,394.4815560867221
Marka A,2.5914223961829665,UV Filtre,3,Marka Z,Metal,385.91422396182963
Marka C,4.877881733101475,Yok,1,Marka X,Metal,338.77881733101475
Marka B,4.462028503575921,Anti-Refle,2,Marka X,Plastik,384.6202850357592
Marka C,4.268288283797119,Yok,1,Marka X,Plastik,292.6828828379712
Marka C,2.0316113081797593,Anti-Refle,2,Marka Y,Metal,370.3161130817976
Marka C,1.6835503495602633,UV Filtre,3,Marka X,Titanyum,406.83550349560267
Marka C,3.674572879697724,Anti-Refle,4,Marka X,Plastik,406.74572879697723
Marka A,4.717503956510344,UV Filtre,2,Marka Y,Titanyum,427.1750395651034
Marka C,3.227051572055719,Anti-Refle,4,Marka Y,Plastik,382.2705157205572
Marka B,3.2864507578795994,UV Filtre,2,Marka X,Plastik,352.864507578796
Marka A,2.1199163746411367,UV Filtre,1,Marka X,Titanyum,401.1991637464114
Marka B,4.077971732767748,UV Filtre,1,Marka X,Plastik,340.7797173276775
Marka B,1.7481749942300935,UV Filtre,2,Marka X,Plastik,337.48174994230095
Marka B,2.2947169456169747,Yok,4,Marka Z,Titanyum,362.9471694561697
Marka B,2.701745754465667,UV Filtre,3,Marka Z,Plastik,327.0174575446567
Marka A,3.03044151473782,Yok,3,Marka X,Plastik,350.3044151473782
Marka A,1.969638929660321,Yok,1,Marka Z,Plastik,259.69638929660323
Marka B,1.4593472989568141,UV Filtre,3,Marka Y,Titanyum,394.5934729895681
Marka B,3.4424801697665304,Yok,1,Marka Z,Metal,294.4248016976653
Marka A,2.154522212961023,Anti-Refle,3,Marka Z,Titanyum,421.54522212961024
Marka A,3.324952885690449,UV Filtre,2,Marka X,Metal,413.2495288569045
Marka A,1.6174508610968092,Yok,1,Marka Z,Plastik,256.17450861096813
Marka C,2.92456040741927,UV Filtre,1,Marka Z,Metal,319.24560407419267
Marka C,3.1303577302063434,UV Filtre,2,Marka Z,Titanyum,361.30357730206345
Marka C,1.2072941472897076,UV Filtre,1,Marka Z,Titanyum,322.07294147289707
Marka B,2.3464171127756823,Yok,3,Marka Y,Plastik,303.4641711277568
Marka C,1.537658707755897,Anti-Refle,3,Marka X,Metal,405.37658707755895
Marka B,1.253499881891071,Anti-Refle,1,Marka X,Plastik,332.5349988189107
Marka B,4.959840929559781,Yok,3,Marka Y,Plastik,329.5984092955978
Marka C,2.289415379898892,UV Filtre,4,Marka Z,Titanyum,392.8941537989889
Marka B,4.239497783418539,Yok,1,Marka Y,Metal,322.3949778341854
Marka C,2.0185626190550554,Yok,2,Marka Z,Metal,290.1856261905506
Marka C,3.726010888895717,Yok,4,Marka Y,Metal,367.2601088889572
Marka A,4.040911439558746,UV Filtre,1,Marka X,Metal,400.4091143955875
Marka C,3.382554962431377,Yok,2,Marka X,Plastik,303.8255496243138
Marka A,2.8863047542006335,UV Filtre,3,Marka X,Plastik,388.86304754200637
Marka C,2.647363656589074,Yok,2,Marka Z,Titanyum,316.47363656589073
Marka C,2.395473066171981,Anti-Refle,4,Marka Z,Plastik,353.95473066171985
Marka A,4.718116576991303,Yok,3,Marka Y,Plastik,347.18116576991304
Marka A,4.3224776311509165,Yok,1,Marka Y,Titanyum,363.2247763115092
Marka C,4.86010764266605,Anti-Refle,3,Marka X,Titanyum,458.6010764266605
Marka B,1.497188893942179,UV Filtre,1,Marka Z,Titanyum,334.9718889394218
Marka A,3.923469900814577,UV Filtre,1,Marka Y,Plastik,339.23469900814575
Marka B,4.753361827284151,Yok,2,Marka Z,Plastik,287.5336182728415
Marka B,1.7249322646626406,Anti-Refle,2,Marka Z,Titanyum,377.2493226466264
Marka B,1.26598506946711,UV Filtre,2,Marka X,Titanyum,392.6598506946711
Marka A,3.964482597160236,Yok,4,Marka X,Titanyum,439.64482597160236
Marka B,3.2978924527196476,Anti-Refle,4,Marka Z,Plastik,372.97892452719645
Marka A,4.367315107033088,UV Filtre,2,Marka Z,Plastik,343.67315107033085
Marka B,1.559089506505158,UV Filtre,4,Marka Z,Metal,375.59089506505154
Marka C,4.181069247439561,Anti-Refle,3,Marka Z,Plastik,351.81069247439564
Marka C,1.8065092801909781,Anti-Refle,3,Marka X,Plastik,368.06509280190977
Marka A,1.654623771462818,Anti-Refle,4,Marka Y,Plastik,396.5462377146282
Marka C,1.6570631917239718,Anti-Refle,4,Marka X,Titanyum,446.5706319172397
Marka C,4.258298880925528,Yok,3,Marka Y,Plastik,312.5829888092553
Marka B,3.6607888827848005,Anti-Refle,1,Marka Z,Titanyum,376.607888827848
Marka A,3.0922616990764773,UV Filtre,3,Marka Y,Metal,410.92261699076477
Marka B,2.43532193649401,UV Filtre,3,Marka X,Metal,404.35321936494006
Marka B,4.508802163252433,Yok,4,Marka X,Titanyum,425.0880216325243
Marka B,2.5697804296905415,UV Filtre,3,Marka Z,Titanyum,385.6978042969054
Marka B,4.266397757886308,UV Filtre,4,Marka X,Titanyum,462.66397757886307
Marka B,2.7565396342808737,Anti-Refle,4,Marka Z,Plastik,367.56539634280875
Marka B,2.5077777176996303,UV Filtre,2,Marka X,Metal,385.0777771769963
Marka B,2.8507191426784257,Yok,3,Marka X,Titanyum,388.5071914267843
Marka A,2.2055114966565683,Anti-Refle,1,Marka Z,Plastik,322.05511496656567
Marka C,3.9904375207050045,Anti-Refle,2,Marka Y,Metal,389.90437520705007
Marka B,3.0108815603699166,Yok,4,Marka X,Plastik,350.10881560369916
Marka B,1.9288507805872692,Anti-Refle,4,Marka Y,Metal,419.28850780587265
Marka B,4.598298293098274,Anti-Refle,1,Marka X,Plastik,365.98298293098276
Marka B,2.5355648854928456,Yok,4,Marka X,Metal,385.35564885492846
Marka B,3.1742114444559544,Anti-Refle,3,Marka X,Metal,431.74211444455955
Marka B,4.625888443858187,Yok,2,Marka X,Plastik,326.25888443858184
Marka C,3.4969519836559684,Yok,4,Marka Y,Titanyum,384.9695198365597
Marka C,1.4675921628334563,UV Filtre,4,Marka Y,Metal,384.67592162833455
Marka B,4.7593284944539,UV Filtre,1,Marka X,Titanyum,407.593284944539
Marka C,3.5108322122856714,Anti-Refle,3,Marka X,Plastik,385.10832212285675
Marka A,2.3396224586283445,Anti-Refle,4,Marka Y,Titanyum,463.39622458628344
Marka B,1.557088290653549,Yok,1,Marka Z,Titanyum,295.57088290653553
Marka A,4.1761007570811834,Anti-Refle,4,Marka Z,Titanyum,461.76100757081184
Marka A,3.480291023714054,Yok,1,Marka Y,Titanyum,354.8029102371405
Marka B,3.133844367905286,Yok,1,Marka X,Titanyum,351.33844367905283
Marka C,4.575570332203831,Anti-Refle,3,Marka X,Metal,435.7557033220383
Marka A,4.154388844898123,Yok,4,Marka Z,Metal,381.5438884489812
Marka B,1.6066995189310047,UV Filtre,3,Marka Z,Metal,356.06699518931003
Marka A,2.246888271182193,Anti-Refle,1,Marka Y,Plastik,342.46888271182195
Marka A,1.993956559257863,UV Filtre,2,Marka Z,Titanyum,379.9395655925786
Marka A,3.975785170290708,Anti-Refle,4,Marka Y,Metal,459.7578517029071
Marka A,1.1341297389431175,Yok,2,Marka Z,Plastik,271.3412973894312
Marka C,3.279558739485266,Anti-Refle,4,Marka Z,Metal,402.79558739485265
Marka A,4.049834742962762,UV Filtre,3,Marka Z,Metal,400.49834742962764
Marka A,4.507062547046997,Yok,3,Marka X,Titanyum,425.07062547046996
Marka A,2.36832699486363,Anti-Refle,3,Marka X,Plastik,403.6832699486363
Marka C,4.285029218688051,Anti-Refle,3,Marka X,Titanyum,452.85029218688055
Marka A,1.442526947820829,Anti-Refle,3,Marka Z,Titanyum,414.4252694782083
Marka A,4.385809166938072,UV Filtre,2,Marka Y,Metal,403.8580916693807
Marka C,1.5099546493279297,UV Filtre,3,Marka Y,Titanyum,385.09954649327926
Marka C,2.589149162241469,Anti-Refle,1,Marka Y,Plastik,315.8914916224147
Marka C,4.1891814631182145,Yok,1,Marka Y,Titanyum,331.8918146311821
Marka A,1.5996697093950951,Yok,2,Marka X,Titanyum,375.99669709395096
Marka C,1.917005580930566,UV Filtre,4,Marka X,Titanyum,429.17005580930567
Marka C,3.889010273572265,Yok,1,Marka Z,Metal,288.8901027357226
Marka A,3.8801461461842974,UV Filtre,4,Marka Z,Plastik,378.80146146184296
Marka C,3.564590531541189,Anti-Refle,2,Marka Y,Metal,385.6459053154119
Marka A,3.7757937778684,UV Filtre,4,Marka X,Metal,457.757937778684
Marka B,3.1708977733903847,UV Filtre,4,Marka Y,Metal,411.70897773390385
Marka C,2.007196235627811,Anti-Refle,4,Marka Z,Metal,390.0719623562781
Marka B,2.3827839740156778,Yok,4,Marka Z,Metal,343.8278397401568
Marka A,1.7263908672057027,UV Filtre,2,Marka Y,Plastik,337.263908672057
Marka C,4.633802245334513,UV Filtre,1,Marka Z,Titanyum,356.33802245334516
Marka A,3.333567179064482,Anti-Refle,3,Marka Y,Metal,433.3356717906448
Marka B,2.6034056670545596,Yok,4,Marka X,Metal,386.0340566705456
Marka A,2.8480232145765307,UV Filtre,1,Marka Y,Plastik,328.4802321457653
Marka C,4.789133358447261,Anti-Refle,1,Marka X,Plastik,357.8913335844726
Marka C,1.6134056124643208,UV Filtre,2,Marka X,Titanyum,386.1340561246432
Marka B,3.344919328067189,Anti-Refle,1,Marka Z,Plastik,313.4491932806719
Marka A,3.023554715537864,Yok,2,Marka Z,Titanyum,350.23554715537864
Marka C,3.4458169417385913,Yok,4,Marka Z,Metal,344.4581694173859
Marka B,1.072440735283362,Yok,4,Marka Y,Metal,350.7244073528336
Marka C,4.488495635776606,Yok,3,Marka Y,Titanyum,374.88495635776604
Marka C,4.72847312993445,UV Filtre,3,Marka Z,Plastik,337.2847312993445
Marka A,3.2605327343568358,UV Filtre,3,Marka Y,Titanyum,432.6053273435683
Marka C,3.786603295507569,Yok,1,Marka Z,Plastik,247.8660329550757
Marka A,4.689997524709183,Yok,4,Marka Y,Metal,406.89997524709185
Marka C,3.8289545372535945,Yok,2,Marka X,Plastik,308.28954537253594
Marka B,1.6101561716570454,UV Filtre,3,Marka X,Titanyum,416.1015617165705
Marka C,3.3051534406672527,Yok,2,Marka Z,Titanyum,323.05153440667254
Marka A,3.4268601855314236,Yok,2,Marka Y,Metal,354.2686018553143
Marka A,2.696522685209544,Yok,3,Marka Y,Plastik,326.96522685209544
Marka B,3.9457769424988913,Anti-Refle,4,Marka X,Plastik,419.4577694249889
Marka C,4.737468059076059,Yok,3,Marka X,Plastik,337.3746805907606
Marka C,4.702274051627105,Anti-Refle,2,Marka Z,Metal,377.022740516271
Marka B,2.8033574856165284,Anti-Refle,3,Marka X,Plastik,388.0335748561653
Marka C,1.452952183363021,Yok,2,Marka Z,Titanyum,304.5295218336302
Marka C,4.939364795849338,Anti-Refle,2,Marka X,Plastik,379.3936479584934
Marka A,4.355592345783736,Yok,3,Marka X,Metal,403.55592345783737
Marka C,1.4986507248130674,UV Filtre,1,Marka Y,Plastik,284.9865072481307
Marka C,4.683367530469489,UV Filtre,3,Marka X,Plastik,376.8336753046949
Marka B,4.479585448248513,UV Filtre,1,Marka X,Titanyum,404.79585448248514
Marka B,3.0753522285042885,UV Filtre,2,Marka Z,Plastik,310.7535222850429
Marka A,3.365101742979717,Anti-Refle,2,Marka X,Titanyum,453.6510174297972
Marka C,2.596010815480521,Yok,1,Marka Z,Titanyum,295.9601081548052
Marka C,1.2190465552881253,Yok,2,Marka X,Metal,322.1904655528813
Marka C,2.3407889665836037,Yok,1,Marka X,Titanyum,333.407889665836
Marka A,4.211413794392046,UV Filtre,1,Marka Z,Titanyum,382.11413794392047
Marka A,1.0185280920184114,UV Filtre,2,Marka Y,Metal,370.18528092018414
Marka B,2.3339966867645767,Yok,4,Marka Z,Titanyum,363.3399668676458
Marka A,2.5926747743637732,UV Filtre,1,Marka Z,Metal,345.92674774363775
Marka C,3.1495824117516915,Yok,3,Marka Z,Plastik,281.4958241175169
Marka C,4.679422465651042,Yok,3,Marka Y,Metal,356.79422465651044
Marka A,2.385383977463845,Yok,2,Marka X,Titanyum,383.85383977463846
Marka C,2.3878128075849108,Yok,4,Marka Z,Metal,333.8781280758491
Marka C,3.9500049924389935,Yok,2,Marka Z,Titanyum,329.50004992438994
Marka A,2.8088717635592286,Yok,4,Marka Y,Plastik,348.0887176355923
Marka A,1.8984192917599279,Yok,1,Marka Z,Metal,298.9841929175993
Marka C,2.8097580645307736,UV Filtre,1,Marka X,Plastik,318.09758064530774
Marka C,1.5634280815191994,Yok,1,Marka Y,Titanyum,305.634280815192
Marka C,1.7055479460248932,Yok,1,Marka X,Titanyum,327.05547946024893
Marka B,2.993471090957919,UV Filtre,3,Marka X,Plastik,369.93471090957917
Marka B,2.6757017980181916,UV Filtre,3,Marka Y,Metal,386.7570179801819
Marka B,4.6593836042724,UV Filtre,2,Marka Z,Metal,366.593836042724
Marka A,2.4495755964665324,Yok,4,Marka X,Titanyum,424.49575596466536
Marka B,3.322353401112174,Anti-Refle,1,Marka X,Plastik,353.2235340111217
Marka A,3.5290571516781215,Anti-Refle,1,Marka X,Plastik,375.2905715167812
Marka A,1.0523778263533345,UV Filtre,4,Marka X,Metal,430.52377826353336
Marka B,3.6541494880668424,Anti-Refle,4,Marka Y,Metal,436.54149488066844
Marka B,1.7121438674790057,UV Filtre,2,Marka Y,Metal,357.12143867479006
Marka B,4.84428126987782,Yok,4,Marka X,Plastik,368.4428126987782
Marka C,1.5946509110124518,Anti-Refle,1,Marka Z,Metal,325.9465091101245
Marka B,2.658496494908095,Yok,1,Marka X,Metal,326.5849649490809
Marka C,1.3413986723145754,Anti-Refle,1,Marka Z,Titanyum,343.41398672314574
Marka A,4.987497007383789,Yok,1,Marka X,Metal,369.87497007383786
Marka C,3.0087800413249703,Anti-Refle,1,Marka Z,Metal,340.08780041324974
Marka B,3.381540069280175,Yok,2,Marka X,Plastik,313.81540069280175
Marka A,1.26830590955371,Yok,1,Marka Z,Plastik,252.6830590955371
Marka A,3.999841881596711,Anti-Refle,2,Marka X,Titanyum,459.9984188159671
Marka A,1.839622372382343,Yok,1,Marka X,Metal,338.3962237238234
Marka C,4.592217157762855,Yok,3,Marka Z,Titanyum,355.92217157762855
Marka B,1.8205585619280287,Yok,3,Marka Y,Plastik,298.20558561928027
Marka A,1.7627508826546663,Anti-Refle,3,Marka Z,Titanyum,417.62750882654666
Marka A,1.1461986713923795,Anti-Refle,3,Marka Y,Plastik,371.4619867139238
Marka A,2.888267780439997,Yok,2,Marka X,Titanyum,388.8826778044
Marka C,3.2593645330504657,Yok,2,Marka Z,Titanyum,322.59364533050467
Marka C,1.2628345577134095,Anti-Refle,4,Marka Z,Metal,382.6283455771341
Marka B,4.102110466780042,Anti-Refle,1,Marka Z,Titanyum,381.0211046678004
Marka C,2.8131553389921105,Yok,3,Marka Y,Metal,338.1315533899211
Marka A,3.09756107731032,Yok,2,Marka Y,Metal,350.9756107731032
Marka B,2.7630509877529126,Yok,1,Marka X,Metal,327.6305098775291
Marka A,2.603052243501304,UV Filtre,1,Marka Y,Metal,366.03052243501304
Marka A,3.2385613252328715,Anti-Refle,2,Marka Y,Titanyum,432.3856132523287
Marka C,1.62096098372285,UV Filtre,3,Marka X,Plastik,346.2096098372285
Marka B,1.7277125219810845,Anti-Refle,4,Marka Z,Plastik,357.27712521981084
Marka C,4.447142484054069,Anti-Refle,1,Marka Z,Plastik,314.4714248405407
Marka C,4.784461848534531,Anti-Refle,4,Marka X,Titanyum,477.84461848534534
Marka B,2.493237265119012,Anti-Refle,3,Marka Z,Metal,384.9323726511901
Marka A,2.082978692574215,Anti-Refle,3,Marka Y,Plastik,380.82978692574216
Marka A,3.575998172956063,Anti-Refle,4,Marka X,Titanyum,495.75998172956065
Marka B,2.6349366843923856,Anti-Refle,3,Marka X,Metal,426.34936684392386
Marka A,1.1015454226413794,UV Filtre,1,Marka X,Plastik,331.0154542264138
Marka B,1.6246103894647614,Yok,4,Marka Z,Metal,336.2461038946476
Marka B,3.86388891538959,Yok,3,Marka X,Plastik,338.6388891538959
Marka C,3.6356957676406054,UV Filtre,4,Marka X,Plastik,386.35695767640607
Marka B,1.108383970013934,UV Filtre,1,Marka X,Plastik,311.0838397001394
Marka C,1.8878886477317978,UV Filtre,3,Marka Z,Metal,348.87888647731796
Marka A,1.9242991863522856,UV Filtre,1,Marka Y,Titanyum,379.2429918635229
Marka A,3.6875709743949137,Anti-Refle,3,Marka X,Metal,456.87570974394913
Marka A,1.0788421510174566,Yok,2,Marka Y,Plastik,290.78842151017454
Marka A,1.4164343279382954,Anti-Refle,3,Marka Z,Metal,394.16434327938293
Marka C,4.199664341492758,Yok,4,Marka Z,Titanyum,371.9966434149276
Marka A,1.7141786482173345,Yok,3,Marka Z,Metal,337.14178648217336
Marka B,3.610984431407499,UV Filtre,1,Marka Z,Titanyum,356.10984431407496
Marka B,1.952731124186906,Anti-Refle,1,Marka Y,Titanyum,379.52731124186903
Marka B,1.3977655710373806,UV Filtre,3,Marka X,Metal,393.9776557103738
Marka C,1.9726887639978163,Anti-Refle,4,Marka Z,Plastik,349.72688763997814
Marka A,3.8890677274226366,Yok,2,Marka Z,Titanyum,358.8906772742264
Marka A,4.422785872425143,UV Filtre,4,Marka Y,Metal,444.2278587242514
Marka A,4.320879458267966,UV Filtre,2,Marka Y,Titanyum,423.2087945826797
Marka C,2.5887341184738193,Yok,1,Marka Z,Plastik,235.8873411847382
Marka B,3.6723405462825847,Yok,4,Marka X,Metal,396.72340546282584
Marka B,1.8199371816632839,Yok,2,Marka X,Metal,338.19937181663283
Marka A,2.172590921044053,UV Filtre,3,Marka Z,Metal,381.72590921044053
Marka B,4.5853432740844795,Anti-Refle,1,Marka Y,Plastik,345.8534327408448
Marka B,1.0520076940429441,UV Filtre,3,Marka Z,Titanyum,370.5200769404295
Marka C,1.3420341234178723,Anti-Refle,1,Marka Z,Metal,323.42034123417875
Marka C,1.8315450205841093,UV Filtre,4,Marka Y,Titanyum,408.3154502058411
Marka C,1.1061288154952789,UV Filtre,4,Marka Z,Titanyum,381.06128815495276
Marka C,1.7257417403591893,Yok,1,Marka Z,Plastik,227.2574174035919
Marka A,3.3321662438787687,Anti-Refle,1,Marka Z,Metal,373.3216624387877
Marka C,2.685698202369992,UV Filtre,1,Marka Y,Titanyum,356.8569820236999
Marka B,4.570686844307899,UV Filtre,4,Marka X,Metal,445.706868443079
Marka A,4.269774246953764,Yok,2,Marka X,Metal,382.6977424695376
Marka B,2.367269406791504,Yok,3,Marka Y,Plastik,303.672694067915
Marka B,2.03769373372517,Anti-Refle,3,Marka X,Metal,420.37693733725166
Marka B,2.5187696326690676,UV Filtre,4,Marka Z,Metal,385.1876963266907
Marka C,3.361179770059231,Anti-Refle,3,Marka X,Titanyum,443.6117977005923
Marka C,2.072254563291505,UV Filtre,1,Marka Z,Plastik,270.72254563291506
Marka A,3.496595631396536,Anti-Refle,2,Marka X,Metal,434.96595631396536
Marka A,2.6376466087649617,Yok,3,Marka Y,Titanyum,386.37646608764965
Marka C,3.208188723407921,UV Filtre,2,Marka X,Plastik,342.0818872340792
Marka B,2.7445061165412667,Anti-Refle,1,Marka X,Plastik,347.44506116541265
Marka A,2.1778630381676707,Yok,3,Marka X,Titanyum,401.7786303816767
Marka C,4.793813227848627,Yok,4,Marka Y,Titanyum,397.93813227848625
Marka C,4.054423176639043,Anti-Refle,2,Marka X,Titanyum,430.54423176639045
Marka C,1.5604527030658102,UV Filtre,1,Marka Y,Titanyum,345.6045270306581
Marka B,4.473871903591651,UV Filtre,2,Marka Z,Titanyum,384.7387190359165
Marka C,2.9497247929980546,Yok,3,Marka X,Metal,359.4972479299805
Marka C,4.578208907576366,UV Filtre,3,Marka Y,Metal,395.7820890757637
Marka C,4.199421023789261,UV Filtre,4,Marka Y,Plastik,371.9942102378926
Marka C,2.700854017876934,UV Filtre,1,Marka X,Metal,357.00854017876935
Marka A,1.0898772332804696,Yok,1,Marka Z,Metal,290.8987723328047
Marka A,2.0747094375397843,Anti-Refle,4,Marka Y,Metal,440.74709437539786
Marka C,3.1665368586434677,UV Filtre,4,Marka X,Titanyum,441.6653685864347
Marka B,3.533912879304589,Yok,1,Marka Z,Plastik,255.3391287930459
Marka A,2.031550741732809,Yok,2,Marka Y,Plastik,300.3155074173281
Marka C,1.5574242962912965,Anti-Refle,2,Marka Y,Plastik,325.574242962913
Marka A,4.339720947197197,UV Filtre,4,Marka Z,Plastik,383.39720947197196
Marka A,4.9376087228142085,UV Filtre,2,Marka Z,Metal,389.37608722814207
Marka B,3.1027607292107433,Anti-Refle,1,Marka X,Metal,391.0276072921074
Marka C,1.686717143393214,Anti-Refle,3,Marka X,Titanyum,426.8671714339321
Marka C,2.089229306077476,Yok,3,Marka Y,Plastik,290.89229306077476
Marka B,1.073562706189867,Yok,2,Marka Z,Metal,290.73562706189864
Marka B,4.657195226241996,Anti-Refle,4,Marka Z,Metal,426.5719522624199
Marka C,1.4710043315605645,UV Filtre,4,Marka Z,Titanyum,384.7100433156056
Marka C,3.3060659020570142,Yok,4,Marka Y,Titanyum,383.06065902057014
Marka B,2.096220882748824,Yok,4,Marka Z,Titanyum,360.9622088274882
Marka A,3.2167120100631736,UV Filtre,4,Marka Z,Metal,412.16712010063173
Marka A,3.605681553407457,Yok,2,Marka Y,Metal,356.05681553407453
Marka B,4.318967214828806,UV Filtre,3,Marka X,Titanyum,443.1896721482881
Marka A,1.8256850870424128,UV Filtre,3,Marka X,Plastik,378.25685087042416
Marka B,1.043983314633922,UV Filtre,2,Marka Y,Titanyum,370.4398331463392
Marka A,1.547542520275229,Anti-Refle,4,Marka Z,Titanyum,435.47542520275226
Marka A,4.60007456739242,Anti-Refle,2,Marka Y,Titanyum,446.0007456739242
Marka C,4.495560310250061,Anti-Refle,3,Marka X,Titanyum,454.9556031025006
Marka C,3.389652408681233,UV Filtre,1,Marka X,Metal,363.89652408681235
Marka A,3.4020674417346135,UV Filtre,2,Marka Y,Plastik,354.02067441734613
Marka A,3.660146698185022,Anti-Refle,4,Marka Y,Titanyum,476.6014669818502
Marka C,1.7014851144937984,Yok,3,Marka X,Plastik,307.014851144938
Marka C,4.657647783699839,UV Filtre,3,Marka Y,Plastik,356.5764778369984
Marka C,2.6750820995682925,Yok,3,Marka X,Plastik,316.75082099568294
Marka B,2.53255411299799,Yok,3,Marka Y,Titanyum,365.3255411299799
Marka A,3.07567082113135,UV Filtre,4,Marka Y,Metal,430.7567082113135
Marka C,1.1878638671002202,UV Filtre,1,Marka Y,Titanyum,341.8786386710022
Marka A,1.6651334750243176,Yok,3,Marka X,Plastik,336.65133475024317
Marka B,3.9521344657054818,Yok,2,Marka Y,Plastik,299.5213446570548
Marka B,1.3311946717005059,Anti-Refle,1,Marka X,Metal,373.31194671700507
Marka C,3.412608437865553,Anti-Refle,3,Marka X,Titanyum,444.1260843786555
Marka B,1.9813964387252838,UV Filtre,1,Marka Y,Plastik,299.81396438725284
Marka A,2.557182456167906,Anti-Refle,2,Marka Y,Metal,405.571824561679
Marka C,2.1547749470827995,Anti-Refle,3,Marka X,Plastik,371.54774947082797
Marka A,2.4226908658597965,Anti-Refle,2,Marka X,Metal,424.22690865859795
Marka A,3.876183620736982,Anti-Refle,4,Marka Z,Metal,438.7618362073698
Marka B,2.1884868624927,Yok,3,Marka X,Titanyum,381.884868624927
Marka B,3.2656185611875888,UV Filtre,3,Marka Z,Plastik,332.6561856118759
Marka B,2.9042016087963987,Anti-Refle,3,Marka Z,Titanyum,409.042016087964
Marka B,3.6546846614505926,Yok,3,Marka Z,Plastik,296.5468466145059
Marka B,4.747318957299032,Yok,4,Marka Y,Titanyum,407.47318957299035
Marka C,3.930288388841001,Yok,3,Marka Y,Plastik,309.30288388841
Marka A,1.859761514363027,Anti-Refle,1,Marka X,Titanyum,418.59761514363026
Marka A,1.1247325402451387,Anti-Refle,3,Marka Z,Metal,391.2473254024514
Marka A,2.0490561771993003,UV Filtre,4,Marka Y,Plastik,380.49056177199304
Marka A,3.3803117228010193,Anti-Refle,3,Marka Y,Plastik,393.8031172280102
Marka B,1.2057032539370014,Anti-Refle,1,Marka Y,Metal,352.05703253937
Marka A,2.9854649888049454,Yok,4,Marka Y,Titanyum,409.8546498880495
Marka C,3.387371395667557,UV Filtre,4,Marka Y,Plastik,363.8737139566756
Marka C,2.3369755632678433,Anti-Refle,1,Marka Z,Plastik,293.36975563267845
Marka A,4.083648814983288,Anti-Refle,1,Marka Z,Titanyum,400.8364881498329
Marka A,1.4263930125350872,Yok,1,Marka Z,Metal,294.26393012535084
Marka C,1.300551126943235,Yok,1,Marka Z,Titanyum,283.00551126943236
Marka C,3.9127550248144134,Anti-Refle,1,Marka X,Titanyum,409.12755024814413
Marka B,2.981965264824794,UV Filtre,4,Marka Z,Titanyum,409.81965264824794
Marka C,3.753609585710944,UV Filtre,4,Marka Y,Plastik,367.53609585710944
Marka B,2.739309354414985,Yok,3,Marka Z,Metal,327.39309354414985
Marka B,1.9856081329564272,Yok,3,Marka X,Metal,359.8560813295643
Marka B,4.276409270696799,Anti-Refle,2,Marka Y,Titanyum,422.764092706968
Marka B,4.197663515875917,Yok,3,Marka Z,Plastik,301.97663515875917
Marka B,3.778785883417707,Anti-Refle,3,Marka Z,Titanyum,417.7878588341771
Marka A,2.088580548919851,UV Filtre,1,Marka Z,Plastik,300.8858054891985
Marka C,3.3609226674763484,UV Filtre,1,Marka Y,Plastik,303.6092266747635
Marka B,2.443895587760107,Anti-Refle,3,Marka Y,Plastik,364.4389558776011
Marka C,1.3663282933065366,Yok,2,Marka X,Plastik,283.6632829330654
Marka C,4.669254301848971,UV Filtre,1,Marka Y,Metal,356.6925430184897
Marka B,1.5472745236758456,Yok,3,Marka Y,Plastik,295.47274523675844
Marka A,4.80094941528321,UV Filtre,3,Marka Z,Plastik,368.0094941528321
Marka B,2.784023091831823,Anti-Refle,4,Marka Y,Titanyum,447.84023091831824
Marka A,1.7405317153544786,Anti-Refle,2,Marka Z,Titanyum,397.4053171535448
Marka C,3.1676037895134326,Anti-Refle,4,Marka Z,Metal,401.6760378951343
Marka A,4.491783343505633,UV Filtre,2,Marka Y,Titanyum,424.9178334350563
Marka A,3.9288995456382447,Yok,1,Marka X,Plastik,319.28899545638245
Marka A,4.2262445914457984,Yok,2,Marka X,Titanyum,402.262445914458
Marka C,3.6351334668428694,Yok,3,Marka Y,Metal,346.3513346684287
Marka C,3.76910625807141,UV Filtre,3,Marka X,Titanyum,427.69106258071406
Marka A,4.396782606261278,UV Filtre,2,Marka Z,Titanyum,403.96782606261274
Marka A,1.9986720354367438,UV Filtre,2,Marka Z,Metal,359.98672035436743
Marka B,2.957699854572562,UV Filtre,2,Marka Y,Metal,369.5769985457256
Marka A,1.884837767278409,UV Filtre,4,Marka X,Plastik,398.84837767278407
Marka B,4.9506720319865885,Yok,2,Marka X,Titanyum,389.50672031986585
Marka A,4.776237358746453,UV Filtre,1,Marka Z,Plastik,327.76237358746454
Marka B,1.1577072454740236,UV Filtre,4,Marka Y,Titanyum,411.57707245474023
Marka C,3.822300690062754,Yok,4,Marka X,Titanyum,408.2230069006275
Marka A,4.700993269662663,UV Filtre,2,Marka Y,Plastik,367.0099326966266
Marka A,1.7223013805093341,Yok,1,Marka X,Titanyum,357.22301380509333
Marka A,3.271780922210518,Yok,4,Marka Z,Titanyum,392.7178092221052
Marka A,4.661953190352167,Anti-Refle,3,Marka Z,Titanyum,446.61953190352165
Marka B,1.1357839143431954,Anti-Refle,4,Marka Y,Metal,411.357839143432
Marka A,3.7896810689873597,Anti-Refle,2,Marka Z,Plastik,357.89681068987363
Marka C,2.189396029490203,Anti-Refle,1,Marka X,Metal,371.89396029490206
Marka C,4.697584781506121,UV Filtre,2,Marka Z,Plastik,316.97584781506123
Marka A,4.884232980661471,Anti-Refle,3,Marka Y,Plastik,408.8423298066147
Marka C,4.777065956453736,Yok,3,Marka Y,Titanyum,377.77065956453737
Marka A,2.896856866629855,UV Filtre,3,Marka Y,Plastik,368.96856866629855
Marka A,4.448170603957253,Anti-Refle,2,Marka X,Metal,444.48170603957254
Marka C,4.378197594140282,Yok,4,Marka X,Metal,393.78197594140283
Marka A,2.2764018929730225,UV Filtre,2,Marka X,Metal,402.76401892973024
Marka C,4.315661896602709,UV Filtre,1,Marka X,Plastik,333.15661896602705
Marka B,1.1480305388619705,Anti-Refle,4,Marka X,Metal,431.48030538861974
Marka A,3.385079513928212,UV Filtre,3,Marka Z,Plastik,353.8507951392821
Marka B,1.9200353491508122,Yok,2,Marka X,Metal,339.2003534915081
Marka C,1.4822675431091152,UV Filtre,3,Marka X,Metal,384.82267543109117
Marka B,1.3078128065168366,Yok,3,Marka Z,Plastik,273.07812806516836
Marka B,3.785155103512559,UV Filtre,1,Marka X,Metal,377.85155103512557
Marka C,2.3594998550722646,Anti-Refle,4,Marka Y,Titanyum,433.5949985507226
Marka B,3.899067086115046,Yok,1,Marka X,Plastik,298.9906708611504
Marka B,1.2614253631957695,UV Filtre,1,Marka X,Plastik,312.6142536319577
Marka C,2.2611613513224413,UV Filtre,1,Marka Y,Plastik,292.6116135132244
Marka B,3.157965169501349,UV Filtre,3,Marka Y,Titanyum,411.57965169501347
Marka C,4.162892659355855,Yok,1,Marka Y,Plastik,271.62892659355856
Marka B,2.2750100117282797,Yok,1,Marka Y,Metal,302.7501001172828
Marka C,3.5035655057480364,Yok,4,Marka X,Metal,385.03565505748037
Marka C,4.543910992944749,Anti-Refle,4,Marka Y,Metal,435.43910992944745
Marka B,3.4634527527292183,Anti-Refle,1,Marka Y,Plastik,334.6345275272922
Marka B,1.931837899014535,Yok,4,Marka Z,Metal,339.31837899014533
Marka B,1.097603126226152,UV Filtre,4,Marka Y,Plastik,350.97603126226153
Marka A,4.4803954956037195,Anti-Refle,1,Marka Y,Metal,404.80395495603716
Marka A,1.0850776434015486,Yok,3,Marka Z,Titanyum,350.8507764340155
Marka A,4.498806690736798,UV Filtre,1,Marka Z,Titanyum,384.98806690736797
Marka C,3.115748536108848,Anti-Refle,4,Marka X,Titanyum,461.15748536108845
Marka B,4.756270794051584,UV Filtre,3,Marka Z,Titanyum,407.56270794051585
Marka C,4.195132943094661,UV Filtre,2,Marka X,Plastik,351.9513294309466
Marka A,4.99173644213335,UV Filtre,3,Marka Z,Metal,409.9173644213335
Marka B,2.4028472618068406,UV Filtre,4,Marka Z,Titanyum,404.0284726180684
Marka C,4.068753155724508,Anti-Refle,3,Marka X,Plastik,390.68753155724505
Marka B,2.6077236544369686,Anti-Refle,1,Marka Z,Titanyum,366.0772365443697
Marka C,2.9195024812156354,Anti-Refle,2,Marka X,Titanyum,419.19502481215636
Marka B,3.5100218528734803,Yok,2,Marka Z,Plastik,275.1002185287348
Marka A,4.4947084567453555,Anti-Refle,2,Marka Y,Plastik,384.94708456745354
Marka A,4.93633387679718,UV Filtre,4,Marka Z,Metal,429.3633387679718
Marka B,4.073093655458073,Anti-Refle,4,Marka X,Metal,460.7309365545807
Marka C,2.671067128669335,UV Filtre,2,Marka Z,Titanyum,356.71067128669335
Marka A,2.6854280091082807,Yok,3,Marka X,Titanyum,406.85428009108284
Marka A,3.950329206355566,UV Filtre,2,Marka X,Metal,419.50329206355565
Marka A,1.9551085830732093,UV Filtre,3,Marka Y,Metal,399.55108583073206
Marka B,1.4418964525255786,UV Filtre,3,Marka Y,Plastik,334.4189645252558
Marka B,2.418488630563106,Yok,4,Marka X,Metal,384.18488630563104
Marka C,2.148955966616327,Anti-Refle,3,Marka Z,Metal,371.48955966616325
Marka C,2.1852324818239603,Anti-Refle,2,Marka X,Titanyum,411.8523248182396
Marka C,1.9344310041996398,Yok,4,Marka X,Metal,369.34431004199644
Marka B,1.1683727585454475,UV Filtre,1,Marka Z,Titanyum,331.68372758545445
Marka B,1.0714957389336552,Anti-Refle,1,Marka Z,Metal,330.7149573893365
Marka C,4.950889558944127,Yok,4,Marka Z,Plastik,319.5088955894413
Marka C,2.7110925349434494,Anti-Refle,2,Marka Z,Metal,357.1109253494345
Marka B,2.5373065886387267,Yok,1,Marka X,Metal,325.3730658863873
Marka C,3.7185891307722794,UV Filtre,1,Marka X,Metal,367.1858913077228
Marka A,1.8730155514602567,Anti-Refle,3,Marka Y,Titanyum,438.73015551460253
Marka B,4.799844735800901,Yok,3,Marka X,Plastik,347.998447358009
Marka C,4.145380057662209,Anti-Refle,2,Marka Z,Metal,371.4538005766221
Marka B,1.357644009249038,Anti-Refle,4,Marka Y,Titanyum,433.5764400924904
Marka A,2.6703231031397134,Anti-Refle,2,Marka Z,Plastik,346.70323103139714
Marka B,4.516473230248659,Anti-Refle,4,Marka X,Titanyum,485.1647323024866
Marka B,4.778928089165641,Yok,1,Marka Y,Titanyum,347.7892808916564
Marka B,2.869606044999479,UV Filtre,3,Marka Z,Plastik,328.6960604499948
Marka B,3.453645556842831,Yok,2,Marka Y,Metal,334.5364555684283
Marka A,1.668135784368301,Yok,2,Marka Y,Titanyum,356.68135784368303
Marka B,4.964674504547906,Yok,4,Marka X,Titanyum,429.64674504547907
Marka B,1.9266868055337736,UV Filtre,4,Marka Z,Metal,379.26686805533774
Marka C,4.770927096540502,Anti-Refle,2,Marka Y,Metal,397.70927096540504
Marka B,3.598586595969474,Anti-Refle,4,Marka Y,Plastik,395.9858659596947
Marka C,3.4309471795154365,Anti-Refle,2,Marka Z,Plastik,324.30947179515437
Marka A,3.0507540440660343,UV Filtre,2,Marka Y,Plastik,350.50754044066036
Marka A,1.9226792468710348,Anti-Refle,2,Marka Y,Metal,399.22679246871036
Marka A,1.706112128022033,UV Filtre,1,Marka Y,Titanyum,377.06112128022033
Marka A,1.8819448362807014,Anti-Refle,4,Marka Z,Titanyum,438.819448362807
Marka C,1.745753048577018,Anti-Refle,3,Marka Z,Plastik,327.4575304857702
Marka B,4.118337894267013,Yok,3,Marka Z,Metal,341.1833789426701
Marka A,2.4005010366669204,UV Filtre,4,Marka Z,Titanyum,424.00501036666924
Marka B,1.2313707062535855,Yok,2,Marka X,Plastik,292.31370706253585
Marka C,4.876410520563246,Yok,3,Marka Y,Titanyum,378.76410520563246
Marka C,4.535143539853703,Yok,3,Marka Z,Titanyum,355.35143539853703
Marka C,4.711009132780852,UV Filtre,4,Marka Y,Metal,417.1100913278085
Marka A,4.979631290585742,UV Filtre,3,Marka Y,Metal,429.7963129058574
Marka B,1.6955809968779492,Anti-Refle,2,Marka X,Titanyum,416.9558099687795
Marka B,2.584968075610635,Yok,4,Marka Z,Plastik,305.84968075610635
Marka B,4.032953902816365,Anti-Refle,2,Marka Z,Metal,380.32953902816365
Marka C,3.784082472215169,Yok,3,Marka Y,Titanyum,367.8408247221517
Marka A,1.6155836253594202,UV Filtre,3,Marka Z,Metal,376.1558362535942
Marka C,4.2633324999624715,UV Filtre,2,Marka Y,Metal,372.63332499962473
Marka C,1.8977622873466427,UV Filtre,1,Marka Y,Metal,328.97762287346643
Marka B,1.8952704592904923,Yok,3,Marka X,Titanyum,378.9527045929049
Marka C,3.1478976915736543,UV Filtre,1,Marka X,Plastik,321.47897691573655
Marka B,3.3717597393668126,Yok,3,Marka X,Plastik,333.71759739366814
Marka A,3.3203448313512447,Anti-Refle,1,Marka Y,Plastik,353.20344831351247
Marka B,1.3659473495910195,Yok,1,Marka Z,Metal,273.6594734959102
Marka A,4.5098434505215215,Anti-Refle,1,Marka X,Titanyum,445.0984345052152
Marka B,2.0624001703548243,Yok,2,Marka Z,Metal,300.62400170354823
Marka C,1.5180596851312167,Anti-Refle,1,Marka X,Plastik,325.1805968513122
Marka C,4.554992319475909,UV Filtre,1,Marka X,Plastik,335.5499231947591
Marka A,4.822605992919014,Anti-Refle,1,Marka Y,Titanyum,428.2260599291901
Marka A,4.4485104690618025,UV Filtre,3,Marka X,Metal,444.485104690618
Marka A,4.238064298899513,UV Filtre,1,Marka X,Plastik,362.38064298899513
Marka B,3.620967922556087,Anti-Refle,3,Marka Y,Titanyum,436.2096792255609
Marka B,3.2034294824365572,Yok,1,Marka Z,Metal,292.0342948243656
Marka A,1.3479470396456406,Yok,1,Marka X,Metal,333.4794703964564
Marka C,2.633812852282795,Yok,2,Marka Y,Plastik,276.33812852282796
Marka B,2.490754068049256,Yok,3,Marka X,Plastik,324.90754068049256
Marka B,2.039015135041305,Yok,1,Marka Y,Metal,300.390151350413
Marka B,3.8936804547543398,UV Filtre,3,Marka Z,Metal,378.9368045475434
Marka A,2.9835029403150832,Yok,3,Marka Z,Plastik,309.8350294031508
Marka A,1.3241848636305917,UV Filtre,4,Marka Y,Metal,413.2418486363059
Marka A,1.8807328077992453,UV Filtre,2,Marka Y,Plastik,338.80732807799245
Marka A,3.7330350546383837,UV Filtre,2,Marka Y,Metal,397.33035054638384
Marka A,1.3045234379612007,Anti-Refle,2,Marka Z,Plastik,333.045234379612
Marka C,4.404827656195074,Anti-Refle,4,Marka X,Titanyum,474.04827656195073
Marka C,2.9805861080558973,UV Filtre,4,Marka Z,Plastik,339.805861080559
Marka A,2.922346309306592,Anti-Refle,2,Marka Y,Plastik,369.2234630930659
Marka B,3.3696311386380704,Yok,4,Marka Y,Titanyum,393.69631138638067
Marka A,4.298723863700596,Yok,4,Marka Z,Metal,382.98723863700593
Marka C,2.391236831608772,UV Filtre,4,Marka Y,Titanyum,413.91236831608774
Marka C,3.7120646102362542,Yok,2,Marka Z,Plastik,267.12064610236257
Marka B,3.2629278559831643,UV Filtre,2,Marka Y,Metal,372.6292785598316
Marka C,2.0681130806776853,UV Filtre,2,Marka X,Titanyum,390.6811308067769
Marka A,4.514519945420632,Yok,4,Marka X,Metal,425.1451994542063
Marka B,4.189704086427712,Anti-Refle,2,Marka Y,Metal,401.89704086427713
Marka A,3.633807338633702,Yok,4,Marka Z,Titanyum,396.338073386337
Marka A,4.402326916376968,Yok,1,Marka X,Metal,364.02326916376967
Marka B,4.4691768038392095,UV Filtre,4,Marka Z,Titanyum,424.69176803839207
Marka A,3.833451906860139,UV Filtre,3,Marka Y,Plastik,378.33451906860137
Marka C,4.348053313454688,UV Filtre,2,Marka Z,Metal,353.4805331345469
Marka A,3.7898858466771346,UV Filtre,2,Marka X,Plastik,377.89885846677134
Marka B,3.7205630870412016,Anti-Refle,3,Marka Z,Plastik,357.20563087041205
Marka B,3.474445512860737,Anti-Refle,4,Marka Z,Metal,414.74445512860734
Marka B,4.010866558230565,Anti-Refle,1,Marka Y,Titanyum,400.10866558230566
Marka A,1.6344204211722948,UV Filtre,3,Marka Y,Metal,396.34420421172297
Marka B,4.523483036795714,UV Filtre,3,Marka Y,Plastik,365.2348303679571
Marka B,4.487374110980928,UV Filtre,4,Marka X,Plastik,404.8737411098093
Marka A,1.1169891321382366,Anti-Refle,2,Marka X,Titanyum,431.16989132138235
Marka C,4.303267002259051,UV Filtre,4,Marka Y,Metal,413.03267002259054
Marka A,1.5154794698937808,Yok,3,Marka Y,Plastik,315.15479469893785
Marka B,2.3404754170365676,Yok,3,Marka X,Plastik,323.40475417036566
Marka B,3.974033025166431,UV Filtre,2,Marka X,Plastik,359.7403302516643
Marka A,1.6430395841932328,Yok,2,Marka X,Titanyum,376.4303958419323
Marka C,4.271868096476249,Yok,2,Marka X,Plastik,312.7186809647625
Marka B,4.328536711830967,Anti-Refle,4,Marka Y,Plastik,403.28536711830964
Marka B,3.029870935043345,UV Filtre,2,Marka X,Metal,390.29870935043346
Marka B,1.0255434868673343,UV Filtre,3,Marka Y,Metal,370.2554348686733
Marka A,2.148152532699651,Anti-Refle,3,Marka Z,Plastik,361.4815253269965
Marka B,3.467707673502969,Yok,1,Marka Z,Plastik,254.6770767350297
Marka C,4.924744712109694,Yok,4,Marka X,Metal,399.2474471210969
Marka B,3.5272541080666735,UV Filtre,1,Marka Z,Titanyum,355.27254108066677
Marka B,2.039214324256639,Yok,3,Marka Z,Titanyum,340.39214324256636
Marka C,3.5360228123984454,Anti-Refle,1,Marka Z,Titanyum,365.3602281239845
Marka B,3.159941518863422,Anti-Refle,3,Marka X,Titanyum,451.5994151886342
Marka A,4.119381580604575,UV Filtre,1,Marka X,Titanyum,421.19381580604573
Marka A,1.4279225553078336,Anti-Refle,2,Marka Z,Titanyum,394.27922555307833
Marka A,4.0441116100081125,Anti-Refle,1,Marka Y,Titanyum,420.4411161000811
Marka C,3.165066314704441,UV Filtre,2,Marka Z,Titanyum,361.6506631470444
Marka B,4.851968015435979,Anti-Refle,2,Marka X,Metal,428.5196801543598
Marka A,2.3674886641547443,Anti-Refle,4,Marka X,Titanyum,483.67488664154746
Marka C,3.5304875725357925,Anti-Refle,2,Marka X,Titanyum,425.30487572535793
Marka B,4.72811242204007,Yok,2,Marka Z,Titanyum,347.28112422040067
Marka C,1.410038911962717,UV Filtre,1,Marka Y,Plastik,284.10038911962715
Marka A,4.7489139489458045,UV Filtre,3,Marka X,Metal,447.489139489458
Marka A,3.7515428892032534,UV Filtre,4,Marka X,Metal,457.51542889203256
Marka A,1.2713482364206876,Yok,2,Marka Z,Metal,312.71348236420687
Marka C,2.203854267787265,Yok,4,Marka Y,Titanyum,372.03854267787267
Marka C,3.8326883545811263,UV Filtre,1,Marka Z,Titanyum,348.32688354581126
Marka A,1.2694024058750868,Yok,2,Marka X,Plastik,312.69402405875087
Marka C,3.328681840705093,UV Filtre,1,Marka Y,Metal,343.28681840705093
Marka A,2.383532227811827,Yok,4,Marka Y,Titanyum,403.83532227811827
Marka A,3.4836620710699084,Anti-Refle,1,Marka X,Metal,414.8366207106991
Marka B,1.1829681352500514,Anti-Refle,4,Marka Y,Plastik,371.82968135250053
Marka C,4.486147224609505,UV Filtre,1,Marka Y,Plastik,314.86147224609505
Marka A,4.893955876709588,Yok,4,Marka Z,Plastik,348.9395587670959
Marka A,4.875511421142766,Yok,3,Marka X,Metal,408.75511421142767
Marka C,3.998607326971699,Anti-Refle,1,Marka X,Titanyum,409.986073269717
Marka B,1.5203449605225279,Anti-Refle,1,Marka X,Titanyum,395.2034496052253
Marka B,4.033052783716091,Yok,3,Marka X,Plastik,340.3305278371609
Marka A,1.098347665835206,Yok,3,Marka X,Titanyum,390.98347665835206
Marka C,1.088494206115989,Yok,1,Marka Y,Plastik,240.8849420611599
Marka B,2.294440876598165,Yok,3,Marka Z,Metal,322.9444087659816
Marka C,2.954572761618663,Yok,2,Marka X,Plastik,299.54572761618664
Marka C,4.081629671231173,Yok,4,Marka Z,Metal,350.8162967123117
Marka A,3.7331815064260208,UV Filtre,4,Marka Z,Plastik,377.33181506426024
Marka B,2.7836108255069933,Yok,4,Marka Y,Titanyum,387.8361082550699
Marka A,2.0945066651266635,Anti-Refle,2,Marka X,Titanyum,440.94506665126664
Marka B,4.988498000630845,UV Filtre,3,Marka Y,Plastik,369.8849800063084
Marka B,2.704725208943892,Yok,3,Marka X,Titanyum,387.0472520894389
Marka B,2.805548097318702,Anti-Refle,1,Marka Y,Titanyum,388.05548097318706
Marka B,1.6544952847666767,UV Filtre,3,Marka Z,Titanyum,376.54495284766676
Marka B,4.1792381949997175,Anti-Refle,1,Marka X,Metal,401.7923819499972
Marka C,3.7747289031259545,Yok,2,Marka Z,Titanyum,327.7472890312596
Marka A,1.8830784511550416,Yok,4,Marka Z,Metal,358.8307845115504
Marka C,1.3295241824633708,Yok,4,Marka Y,Plastik,303.2952418246337
Marka B,3.7219972082988524,Yok,4,Marka X,Titanyum,417.21997208298853
Marka A,3.618044857124541,UV Filtre,3,Marka Z,Titanyum,416.1804485712454
Marka B,2.0930381079928373,UV Filtre,1,Marka Y,Titanyum,360.93038107992834
Marka A,4.803454249001641,Anti-Refle,1,Marka X,Plastik,388.0345424900164
Marka C,1.604231567123601,Yok,2,Marka X,Metal,326.042315671236
Marka A,2.7293392041704077,Anti-Refle,3,Marka Z,Metal,407.29339204170407
Marka A,4.7744636806703955,UV Filtre,2,Marka X,Titanyum,447.74463680670397
Marka A,2.6789092677044892,Yok,1,Marka Z,Plastik,266.7890926770449
Marka A,3.554103790656342,Yok,1,Marka X,Plastik,315.5410379065634
Marka A,2.590377591851177,UV Filtre,4,Marka Y,Plastik,385.90377591851177
Marka B,2.09686080939468,UV Filtre,3,Marka Z,Plastik,320.96860809394684
Marka A,4.935910591839313,UV Filtre,1,Marka Z,Plastik,329.35910591839314
Marka A,2.637336025260172,UV Filtre,4,Marka X,Metal,446.37336025260174
Marka C,4.576396814716538,UV Filtre,3,Marka X,Metal,415.7639681471654
Marka A,1.9198184235643447,Yok,2,Marka Z,Metal,319.19818423564345
Marka C,1.8524188161003332,UV Filtre,3,Marka X,Titanyum,408.52418816100334
Marka B,1.1245363315380454,Yok,3,Marka Y,Plastik,291.2453633153805
Marka A,3.60666730150354,Yok,1,Marka X,Titanyum,376.0666730150354
Marka C,2.4741053748950446,UV Filtre,1,Marka Y,Plastik,294.74105374895043
Marka C,4.457432999358549,UV Filtre,3,Marka Y,Metal,394.5743299935855
Marka B,2.8928396267662286,Yok,1,Marka Y,Titanyum,328.92839626766227
Marka A,4.872773711658887,UV Filtre,1,Marka Y,Metal,388.72773711658886
Marka A,1.7421020628124846,UV Filtre,1,Marka Y,Plastik,317.42102062812484
Marka C,4.474492671822443,UV Filtre,4,Marka X,Plastik,394.7449267182244
Marka A,4.106387411166967,Anti-Refle,4,Marka Y,Plastik,421.06387411166963
Marka C,4.083687378576208,Yok,3,Marka X,Metal,370.83687378576207
Marka A,4.379132912467551,Anti-Refle,1,Marka Y,Plastik,363.7913291246755
Marka C,4.044095963771996,UV Filtre,4,Marka Z,Metal,390.44095963771997
Marka A,3.5048812865256616,Anti-Refle,3,Marka Y,Titanyum,455.04881286525665
Marka B,1.5249795107295503,UV Filtre,1,Marka Z,Plastik,275.24979510729554
Marka A,1.1301047179650077,Anti-Refle,2,Marka Y,Plastik,351.3010471796501
Marka A,4.683391391262747,UV Filtre,1,Marka Y,Plastik,346.83391391262745
Marka B,3.466601258082952,Anti-Refle,1,Marka Y,Titanyum,394.6660125808295
Marka A,4.186149163904705,Anti-Refle,4,Marka Z,Plastik,401.861491639047
Marka B,2.9260894060502003,Anti-Refle,3,Marka Z,Metal,389.260894060502
Marka A,1.469232755849578,Yok,3,Marka Y,Metal,354.6923275584958
Marka C,1.5007431688102018,Anti-Refle,4,Marka X,Plastik,385.00743168810203
Marka C,3.7422611489158855,Yok,1,Marka Y,Plastik,267.42261148915884
Marka A,2.7212235795978508,UV Filtre,2,Marka Z,Titanyum,387.2122357959785
Marka A,1.8020989068013469,Anti-Refle,1,Marka Y,Titanyum,398.0209890680135
Marka A,2.9663781869657475,UV Filtre,1,Marka Z,Titanyum,369.66378186965744
Marka C,1.2568357483005363,UV Filtre,2,Marka Z,Plastik,282.56835748300534
Marka A,3.327885607657595,Anti-Refle,4,Marka Z,Titanyum,453.27885607657595
Marka C,2.0759736177403907,Yok,3,Marka Y,Titanyum,350.7597361774039
Marka B,4.190236402548752,Anti-Refle,4,Marka Z,Metal,421.9023640254875
Marka C,2.241447835694295,UV Filtre,4,Marka Z,Titanyum,392.41447835694294
Marka C,2.820880596327205,UV Filtre,1,Marka Y,Metal,338.2088059632721
Marka B,1.0464821596324025,Anti-Refle,3,Marka Z,Metal,370.464821596324
Marka C,1.2897875511782355,Yok,3,Marka Y,Titanyum,342.89787551178233
Marka A,2.5699742256267393,Yok,4,Marka Z,Metal,365.6997422562674
Marka A,2.919755338868494,UV Filtre,2,Marka X,Plastik,369.1975533886849
Marka C,3.400082192477215,UV Filtre,4,Marka X,Plastik,384.00082192477214
Marka A,2.166650314837213,Yok,2,Marka Z,Titanyum,341.66650314837216
Marka C,3.77992754450617,Anti-Refle,3,Marka X,Plastik,387.7992754450617
Marka A,4.440489588756819,UV Filtre,4,Marka Y,Metal,444.40489588756816
Marka A,4.119403955573399,Yok,1,Marka X,Plastik,321.194039555734
Marka C,1.1584753013934286,UV Filtre,4,Marka Z,Titanyum,381.5847530139343
Marka A,2.9220277890313158,Anti-Refle,3,Marka Z,Titanyum,429.2202778903131
Marka C,1.4197207136726995,Yok,1,Marka Y,Metal,284.197207136727
Marka A,1.9681800634501099,UV Filtre,1,Marka Z,Titanyum,359.6818006345011
Marka A,4.946650373068586,Anti-Refle,2,Marka Y,Plastik,389.4665037306859
Marka B,1.569982171606053,UV Filtre,1,Marka X,Titanyum,375.69982171606057
Marka B,2.9955526138054243,Anti-Refle,1,Marka X,Metal,389.9555261380542
Marka C,3.4726229372724764,Anti-Refle,4,Marka Y,Titanyum,444.7262293727248
Marka B,3.809859882176416,Yok,3,Marka Y,Plastik,318.09859882176414
Marka C,3.2385947339476564,Anti-Refle,2,Marka Z,Metal,362.38594733947656
Marka B,1.0390833896767346,UV Filtre,4,Marka X,Plastik,370.39083389676733
Marka A,2.3058452329759676,Anti-Refle,1,Marka Y,Metal,383.0584523297597
Marka C,3.0708465735388457,Anti-Refle,1,Marka X,Titanyum,400.7084657353885
Marka C,1.3514659965793334,Yok,2,Marka Y,Metal,303.5146599657933
Marka A,2.402507724836723,Anti-Refle,3,Marka X,Metal,444.0250772483672
Marka C,1.1328124351654663,Anti-Refle,2,Marka Z,Titanyum,361.32812435165465
Marka C,1.314313988620083,UV Filtre,4,Marka X,Plastik,363.14313988620086
Marka B,2.5876931048063843,Yok,2,Marka X,Titanyum,365.87693104806385
Marka C,1.5308630161722414,Yok,1,Marka X,Metal,305.3086301617224
Marka A,3.2701633930462326,Yok,4,Marka X,Titanyum,432.7016339304623
Marka B,3.757859876549063,Anti-Refle,1,Marka X,Metal,397.5785987654906
Marka B,4.2023467964363315,Yok,3,Marka Z,Titanyum,362.0234679643633
Marka A,1.8006009769792404,Anti-Refle,1,Marka Y,Titanyum,398.0060097697924
Marka A,1.669930329036279,Anti-Refle,1,Marka X,Plastik,356.69930329036276
Marka B,1.418271361337601,UV Filtre,2,Marka Z,Metal,334.182713613376
Marka C,3.545720998174547,UV Filtre,1,Marka X,Plastik,325.45720998174545
Marka B,3.8259029059476046,UV Filtre,4,Marka X,Metal,438.25902905947606
Marka A,1.1263445793025681,UV Filtre,4,Marka Y,Titanyum,431.26344579302565
Marka B,4.744848984974759,UV Filtre,3,Marka X,Metal,427.4484898497476
Marka A,1.2078851346058896,Anti-Refle,4,Marka Z,Plastik,372.0788513460589
Marka B,3.165185341204282,Anti-Refle,2,Marka Z,Plastik,331.6518534120428
Marka C,3.8362420778036657,Yok,3,Marka Y,Plastik,308.36242077803666
Marka B,4.483876494984342,Anti-Refle,4,Marka X,Metal,464.83876494984344
Marka B,3.856347728529711,Anti-Refle,2,Marka Z,Plastik,338.5634772852971
Marka A,4.206912332279167,UV Filtre,4,Marka X,Plastik,422.06912332279165
Marka A,2.3578007701712242,Anti-Refle,4,Marka X,Plastik,423.57800770171224
Marka A,4.2593004549860485,UV Filtre,1,Marka X,Titanyum,422.5930045498605
Marka B,1.3204593855387006,Yok,4,Marka Y,Titanyum,373.204593855387
Marka C,4.579266624242111,Yok,4,Marka X,Metal,395.7926662424211
Marka A,3.190369504614945,Anti-Refle,2,Marka Z,Metal,391.90369504614944
Marka A,4.269191079849975,Yok,2,Marka X,Plastik,342.69191079849975
Marka B,2.8092731380732006,Anti-Refle,1,Marka Z,Titanyum,368.092731380732
Marka A,3.5743107807861,Yok,4,Marka X,Plastik,375.743107807861
Marka C,3.105610643744453,UV Filtre,1,Marka Z,Plastik,281.05610643744456
Marka C,3.9263580870213275,UV Filtre,4,Marka Z,Titanyum,409.2635808702133
Marka A,1.3265199281223583,UV Filtre,3,Marka X,Titanyum,433.26519928122354
Marka A,1.2414083359622552,UV Filtre,3,Marka X,Titanyum,432.41408335962257
Marka B,1.9884129360405858,Anti-Refle,1,Marka Z,Metal,339.88412936040584
Marka C,1.6381787204527534,Yok,1,Marka Y,Metal,286.38178720452754
Marka C,4.487134266368807,Anti-Refle,1,Marka X,Plastik,354.8713426636881
Marka A,1.8768559494321773,UV Filtre,2,Marka Y,Metal,378.7685594943218
Marka B,4.903461023276526,Anti-Refle,2,Marka X,Titanyum,449.03461023276526
Marka C,2.3475831670844274,Yok,2,Marka X,Titanyum,353.4758316708443
Marka C,1.7284716627547971,Anti-Refle,1,Marka X,Metal,367.28471662754794
Marka B,4.1587940285699165,Yok,4,Marka X,Plastik,361.5879402856992
Marka B,3.6348311020035045,Anti-Refle,3,Marka Y,Plastik,376.34831102003506
Marka C,2.992782865812556,Yok,1,Marka X,Metal,319.9278286581256
Marka C,3.221454203750525,Yok,2,Marka Z,Plastik,262.2145420375052
Marka B,3.8768071130890553,UV Filtre,2,Marka Z,Plastik,318.7680711308906
Marka C,1.913818965325195,Yok,1,Marka Y,Plastik,249.13818965325194
Marka A,4.985335664226968,UV Filtre,1,Marka X,Titanyum,429.85335664226966
Marka A,4.8991726485871325,UV Filtre,2,Marka Z,Titanyum,408.9917264858713
Marka B,3.6013027453877475,UV Filtre,4,Marka Y,Metal,416.0130274538775
Marka B,1.7981698037165805,Anti-Refle,2,Marka X,Titanyum,417.9816980371658
Marka B,3.7209129697251653,Anti-Refle,2,Marka Z,Plastik,337.2091296972517
Marka A,1.2887936359167034,Anti-Refle,1,Marka Z,Titanyum,372.88793635916704
Marka C,1.1226100088232243,Anti-Refle,4,Marka Y,Metal,401.2261000882322
Marka A,2.0307315540448547,Yok,2,Marka X,Titanyum,380.30731554044854
Marka C,2.850491826957265,Yok,2,Marka X,Plastik,298.5049182695726
Marka A,4.4730900216335225,Anti-Refle,3,Marka Z,Plastik,384.7309002163352
Marka C,3.908676279065232,Yok,1,Marka Z,Metal,289.0867627906523
Marka A,3.970826084799924,Yok,3,Marka Z,Titanyum,379.7082608479992
Marka B,2.7019733377923014,UV Filtre,3,Marka X,Titanyum,427.019733377923
Marka A,2.3837399701878517,UV Filtre,2,Marka Y,Titanyum,403.83739970187855
Marka C,2.484155051938411,UV Filtre,1,Marka Y,Plastik,294.8415505193841
Marka A,4.950598254944231,UV Filtre,4,Marka X,Metal,469.5059825494423
Marka A,1.16043676564993,Yok,2,Marka Y,Titanyum,351.60436765649933
Marka A,4.468125984489794,Anti-Refle,4,Marka Z,Plastik,404.6812598448979
Marka B,3.3147016342895737,Yok,4,Marka Y,Plastik,333.14701634289577
Marka A,2.754461676758362,Yok,1,Marka Y,Plastik,287.54461676758365
Marka B,3.901030641660546,Yok,3,Marka Y,Titanyum,379.01030641660543
Marka B,2.9466757656988114,UV Filtre,1,Marka Z,Titanyum,349.4667576569881
Marka A,4.493692952326642,UV Filtre,4,Marka X,Titanyum,484.93692952326643
Marka A,4.602807456045034,UV Filtre,2,Marka Z,Titanyum,406.02807456045036
Marka A,2.6868837074938217,Anti-Refle,4,Marka X,Titanyum,486.86883707493826
Marka C,2.1073111889402063,Yok,2,Marka X,Titanyum,351.07311188940207
Marka A,3.369401314373449,Anti-Refle,2,Marka X,Titanyum,453.6940131437345
Marka B,4.649453382466763,UV Filtre,1,Marka Y,Titanyum,386.49453382466766
Marka A,1.8426487560226663,Anti-Refle,4,Marka Y,Titanyum,458.42648756022663
Marka C,3.491866334253931,Yok,3,Marka X,Plastik,324.9186633425393
Marka A,3.526240880370082,Yok,4,Marka X,Titanyum,435.26240880370085
Marka C,3.932452089661124,UV Filtre,4,Marka Y,Metal,409.32452089661126
Marka C,1.5262707405090392,UV Filtre,3,Marka Z,Plastik,305.2627074050904
Marka A,3.8632998587283542,Anti-Refle,1,Marka X,Titanyum,438.6329985872835
Marka B,4.636130082662564,UV Filtre,4,Marka Z,Metal,406.36130082662567
Marka C,1.7187324354809679,UV Filtre,4,Marka Y,Titanyum,407.1873243548097
Marka A,1.9501732996955106,Yok,2,Marka X,Metal,359.50173299695507
Marka A,4.885580376166558,UV Filtre,4,Marka Z,Metal,428.8558037616656
Marka B,1.723907810837959,UV Filtre,3,Marka Z,Metal,357.2390781083796
Marka C,4.4175403734783165,Yok,2,Marka Z,Metal,314.1754037347832
Marka C,2.969111425792139,Yok,1,Marka Y,Plastik,259.6911142579214
Marka A,1.9889242976127082,Anti-Refle,2,Marka Y,Plastik,359.8892429761271
Marka A,4.482999605090045,UV Filtre,3,Marka Z,Metal,404.82999605090043
Marka B,2.781221020010662,Yok,3,Marka Z,Titanyum,347.8122102001066
Marka B,3.0592694157187608,Anti-Refle,2,Marka Y,Metal,390.5926941571876
Marka C,2.4369334775990628,Anti-Refle,1,Marka Z,Plastik,294.36933477599064
Marka C,3.3718034057397097,UV Filtre,2,Marka Z,Titanyum,363.71803405739706
Marka A,1.654095490340091,UV Filtre,1,Marka Y,Plastik,316.5409549034009
Marka C,2.564326146607043,Anti-Refle,2,Marka Z,Plastik,315.64326146607044
Marka B,4.87764928934115,Yok,3,Marka Z,Titanyum,368.7764928934115
Marka B,2.03253373080451,Anti-Refle,4,Marka Z,Metal,400.3253373080451
Marka A,3.626946658165169,UV Filtre,4,Marka Y,Metal,436.26946658165167
Marka B,2.3007602568987795,Yok,1,Marka Z,Metal,283.0076025689878
Marka B,4.093892502746403,Yok,1,Marka Y,Metal,320.93892502746405
Marka B,1.5234946428733993,Anti-Refle,1,Marka Y,Titanyum,375.234946428734
Marka B,4.879284180314179,UV Filtre,3,Marka X,Titanyum,448.79284180314176
Marka A,2.815158165534557,Anti-Refle,2,Marka X,Titanyum,448.1515816553456
Marka A,1.9442018533858558,Anti-Refle,3,Marka Z,Plastik,359.4420185338586
Marka C,1.2939869893200506,Anti-Refle,4,Marka Y,Titanyum,422.93986989320047
Marka B,1.679031620350163,Yok,1,Marka X,Metal,316.7903162035016
Marka C,3.0790957942240706,Yok,2,Marka Z,Plastik,260.7909579422407
Marka A,2.348012705725145,UV Filtre,4,Marka X,Metal,443.4801270572515
Marka A,4.315533463530437,UV Filtre,4,Marka X,Metal,463.15533463530437
Marka A,2.7235500946472238,Anti-Refle,4,Marka Y,Titanyum,467.23550094647226
Marka A,1.9948570903505196,Anti-Refle,3,Marka Y,Titanyum,439.9485709035052
Marka A,3.46857994641612,Anti-Refle,1,Marka X,Metal,414.68579946416116
Marka A,3.8271088675417833,UV Filtre,4,Marka X,Metal,458.27108867541784
Marka A,1.6681676316037994,Yok,1,Marka Y,Plastik,276.68167631603797
Marka B,1.6704768651532707,Yok,3,Marka Z,Titanyum,336.70476865153273
Marka C,1.1466857077341719,Anti-Refle,4,Marka Y,Plastik,361.46685707734173
Marka A,3.945608060262562,Anti-Refle,3,Marka X,Plastik,419.4560806026256
Marka B,3.6552181104872203,Anti-Refle,3,Marka Z,Plastik,356.5521811048722
Marka B,2.8985235029992555,Anti-Refle,1,Marka X,Metal,388.98523502999257
Marka C,4.376681795876788,UV Filtre,4,Marka Z,Plastik,353.7668179587679
Marka A,4.222680611800213,Yok,3,Marka X,Plastik,362.2268061180021
Marka C,3.3414174575870086,Anti-Refle,4,Marka Z,Metal,403.4141745758701
Marka A,4.4730851220530345,UV Filtre,1,Marka Z,Titanyum,384.7308512205303
Marka B,1.823364840147073,Anti-Refle,3,Marka X,Titanyum,438.23364840147076
Marka B,1.4476784775909115,Anti-Refle,1,Marka Z,Plastik,294.4767847759091
Marka B,2.0789984460679585,Yok,4,Marka Y,Metal,360.7899844606796
Marka B,1.2283474243572594,Anti-Refle,4,Marka X,Titanyum,452.2834742435726
Marka C,3.124678112004128,Yok,1,Marka Y,Plastik,261.2467811200413
Marka A,4.746422769179846,Yok,2,Marka X,Plastik,347.46422769179844
Marka A,1.1573741626740386,Yok,3,Marka Z,Metal,331.5737416267404
Marka C,1.4884396560401072,UV Filtre,4,Marka Z,Plastik,324.88439656040106
Marka A,2.808796113133741,UV Filtre,4,Marka Z,Titanyum,428.0879611313374
Marka B,4.73550007011162,Yok,3,Marka X,Metal,387.3550007011162
Marka A,2.264624419907002,Anti-Refle,1,Marka Y,Titanyum,402.64624419907
Marka B,3.0289392347535697,Yok,1,Marka Y,Titanyum,330.2893923475357
Marka C,1.1662914362015684,Anti-Refle,1,Marka X,Titanyum,381.66291436201567
Marka A,1.5933728038483554,Yok,2,Marka X,Plastik,315.93372803848354
Marka C,4.946520491835388,Anti-Refle,2,Marka Y,Plastik,359.4652049183539
Marka A,4.860474785744183,UV Filtre,4,Marka Y,Titanyum,468.6047478574418
Marka B,1.0197599237376385,Anti-Refle,1,Marka Y,Titanyum,370.1975992373764
Marka C,4.807247141692956,Yok,3,Marka Y,Metal,358.07247141692955
Marka A,3.5564797512620014,UV Filtre,4,Marka X,Metal,455.56479751262003
Marka B,4.4716731780800885,Anti-Refle,3,Marka X,Plastik,404.7167317808009
Marka C,2.8189594225354364,Anti-Refle,4,Marka Z,Plastik,358.18959422535437
Marka C,3.062384114317001,Anti-Refle,2,Marka Y,Metal,380.62384114317
Marka A,2.9553863210276807,Anti-Refle,4,Marka Z,Titanyum,449.5538632102768
Marka A,3.6674570301844174,Anti-Refle,2,Marka X,Plastik,396.67457030184414
Marka A,1.5586050190252516,UV Filtre,4,Marka X,Titanyum,455.58605019025254
Marka B,1.1198943594907118,UV Filtre,1,Marka Z,Metal,311.1989435949071
Marka A,2.2317197663647637,UV Filtre,3,Marka Y,Plastik,362.3171976636477
Marka C,3.818723050946587,UV Filtre,1,Marka Y,Plastik,308.18723050946585
Marka C,1.8074138084917934,Yok,4,Marka Y,Metal,348.07413808491793
Marka A,3.6937297332996692,UV Filtre,4,Marka Y,Plastik,396.9372973329967
Marka A,4.879648184429081,Anti-Refle,4,Marka Z,Metal,448.79648184429084
Marka C,1.3756028631576735,Anti-Refle,2,Marka Z,Plastik,303.7560286315767
Marka B,3.690408472900505,UV Filtre,3,Marka X,Metal,416.90408472900504
Marka A,2.7750008772182846,Anti-Refle,3,Marka Y,Plastik,387.7500087721828
Marka A,4.472569017510022,UV Filtre,4,Marka Y,Titanyum,464.7256901751002
Marka C,1.7085991577895436,Anti-Refle,4,Marka Y,Titanyum,427.08599157789547
Marka A,3.770503808904658,Yok,2,Marka Z,Titanyum,357.7050380890466
Marka B,4.35246115859244,Yok,1,Marka Y,Plastik,283.5246115859244
Marka C,4.778456877896093,UV Filtre,1,Marka Z,Plastik,297.78456877896093
Marka A,3.7329921131585833,UV Filtre,3,Marka Y,Titanyum,437.3299211315858
Marka C,2.9886990560337092,UV Filtre,2,Marka Y,Titanyum,379.8869905603371
Marka A,3.4713889608048554,Anti-Refle,4,Marka X,Metal,474.7138896080486
Marka A,4.475619937914873,UV Filtre,3,Marka Y,Metal,424.7561993791487
Marka A,3.2824389865553187,Yok,2,Marka Y,Metal,352.8243898655532
Marka B,1.1215482387873474,Anti-Refle,1,Marka X,Titanyum,391.21548238787346
Marka B,4.723794782027911,UV Filtre,2,Marka Z,Titanyum,387.2379478202791
Marka C,3.7581070041262445,Anti-Refle,1,Marka Z,Titanyum,367.5810700412625
Marka A,3.706053543108986,Anti-Refle,2,Marka Y,Metal,417.0605354310899
Marka A,1.8627006095908687,UV Filtre,3,Marka Z,Plastik,338.62700609590865
Marka B,3.635541880930629,Anti-Refle,1,Marka Y,Titanyum,396.3554188093063
Marka A,2.575457622616634,Yok,3,Marka X,Plastik,345.75457622616636
Marka B,3.6049319081659683,Yok,3,Marka X,Plastik,336.0493190816597
Marka A,1.4263721212319629,Anti-Refle,1,Marka Y,Plastik,334.26372121231964
Marka C,3.631381218412144,UV Filtre,1,Marka X,Metal,366.31381218412145
Marka A,4.997654903082666,Anti-Refle,4,Marka X,Plastik,449.9765490308267
Marka A,1.1928481554422241,Yok,4,Marka Y,Titanyum,391.9284815544222
Marka B,4.908696736885269,Anti-Refle,4,Marka Y,Metal,449.0869673688527
Marka A,2.6276318428914824,Anti-Refle,3,Marka X,Titanyum,466.2763184289148
Marka A,4.483013801349037,Yok,3,Marka Z,Titanyum,384.83013801349034
Marka B,4.129541936233094,Anti-Refle,4,Marka Z,Metal,421.29541936233096
Marka C,3.268065043946671,Anti-Refle,3,Marka Y,Titanyum,422.6806504394667
Marka C,3.953796837005306,UV Filtre,3,Marka Y,Titanyum,409.537968370053
Marka B,4.514062245205391,UV Filtre,1,Marka Z,Metal,345.1406224520539
Marka B,2.616561286604132,Yok,1,Marka X,Titanyum,346.16561286604133
Marka B,2.308132646252955,Yok,3,Marka Z,Plastik,283.08132646252955
Marka B,3.670373542254339,Yok,4,Marka Z,Titanyum,376.7037354225434
Marka B,4.231383767765035,UV Filtre,2,Marka Z,Plastik,322.3138376776503
Marka C,4.049140539106463,Yok,4,Marka Z,Titanyum,370.49140539106463
Marka C,4.191254595434538,Yok,2,Marka Y,Metal,331.9125459543454
Marka B,2.742333259251732,Yok,4,Marka Y,Metal,367.42333259251734
Marka A,4.2713368647000864,UV Filtre,1,Marka X,Titanyum,422.71336864700083
Marka B,1.4808362214824338,Anti-Refle,3,Marka X,Metal,414.80836221482434
Marka A,3.177956391843398,Yok,3,Marka X,Titanyum,411.77956391843395
Marka B,1.0230346419924863,Anti-Refle,1,Marka X,Metal,370.2303464199249
Marka B,2.298343319601081,Yok,2,Marka Z,Plastik,262.9834331960108
Marka C,2.4658461394855915,Anti-Refle,2,Marka Y,Titanyum,394.6584613948559
Marka A,2.5846907664370216,UV Filtre,2,Marka Y,Plastik,345.8469076643702
Marka A,3.7818688267594487,UV Filtre,1,Marka X,Plastik,357.8186882675945
Marka C,2.554232405081383,Yok,2,Marka X,Titanyum,355.5423240508138
Marka C,2.7947744904901226,Anti-Refle,1,Marka Z,Plastik,297.94774490490124
Marka C,1.9501765234973099,UV Filtre,4,Marka Z,Titanyum,389.5017652349731
Marka C,2.4930071665173603,Yok,4,Marka X,Plastik,334.9300716651736
Marka A,1.909078509052606,Yok,1,Marka Y,Titanyum,339.0907850905261
Marka A,1.2927836950737746,UV Filtre,3,Marka Y,Titanyum,412.92783695073774
Marka B,3.4137943735255116,UV Filtre,4,Marka Y,Metal,414.13794373525513
Marka B,3.672851194220065,Yok,2,Marka X,Titanyum,376.7285119422006
Marka C,3.477961384038458,Anti-Refle,1,Marka Y,Titanyum,384.77961384038457
Marka C,2.8539761752022894,Anti-Refle,2,Marka Z,Plastik,318.53976175202286
Marka C,2.5191431207169193,Anti-Refle,2,Marka Z,Titanyum,375.1914312071692
Marka B,4.4533345982873005,Yok,3,Marka X,Metal,384.533345982873
Marka B,3.076327140544872,UV Filtre,2,Marka Z,Plastik,310.76327140544873
Marka B,2.916727510518924,Yok,3,Marka X,Plastik,329.1672751051892
Marka B,1.1025682632257428,UV Filtre,4,Marka Y,Metal,391.0256826322574
Marka B,2.3649913105046254,Anti-Refle,1,Marka Y,Plastik,323.64991310504627
Marka B,2.5207824751434282,Anti-Refle,2,Marka Y,Plastik,345.20782475143426
Marka B,2.595291123587602,UV Filtre,1,Marka Z,Plastik,285.95291123587606
Marka C,3.320689476909329,UV Filtre,2,Marka X,Plastik,343.2068947690933
Marka C,3.134410186907514,Yok,1,Marka Y,Metal,301.34410186907513
Marka C,3.4316203711737785,Anti-Refle,2,Marka X,Metal,404.3162037117378
Marka C,4.059533046168513,Yok,2,Marka Y,Plastik,290.59533046168514
Marka B,4.251942954864374,Yok,2,Marka Z,Plastik,282.51942954864376
Marka A,3.8724923049059776,Yok,2,Marka Z,Metal,338.7249230490598
Marka B,4.822094783819739,Anti-Refle,2,Marka X,Metal,428.2209478381974
Marka A,1.0729303307054465,Yok,2,Marka Z,Metal,310.72930330705447
Marka C,1.7831119427341844,Yok,2,Marka Z,Plastik,247.83111942734183
Marka B,1.0302514999125685,Yok,2,Marka X,Plastik,290.3025149991257
Marka C,3.589898856618412,Yok,2,Marka Y,Titanyum,345.89898856618413
Marka B,4.592122195799948,Yok,1,Marka Z,Metal,305.9212219579995
Marka C,1.973929186305197,Yok,3,Marka X,Plastik,309.73929186305196
Marka A,4.708138179185227,Anti-Refle,2,Marka Z,Metal,407.08138179185227
Marka A,1.2410695611582434,Yok,3,Marka Z,Plastik,292.41069561158247
Marka A,4.737744107222057,UV Filtre,2,Marka Z,Metal,387.37744107222056
Marka B,2.4064907489585377,Yok,2,Marka Z,Plastik,264.0649074895854
Marka A,1.405683313796866,Yok,1,Marka X,Titanyum,354.0568331379686
Marka B,2.9434870367453025,Anti-Refle,4,Marka X,Titanyum,469.434870367453
Marka A,2.0271062708820318,Anti-Refle,4,Marka X,Metal,460.2710627088203
Marka A,2.1394916078476913,UV Filtre,1,Marka Z,Plastik,301.3949160784769
Marka B,2.2291598597051463,UV Filtre,3,Marka Z,Plastik,322.29159859705146
Marka B,4.212103591330654,Anti-Refle,4,Marka Z,Metal,422.1210359133065
Marka A,3.156645106701018,Anti-Refle,1,Marka X,Plastik,371.5664510670102
Marka B,2.2452307966240146,Yok,1,Marka Z,Metal,282.45230796624014
Marka A,3.4413351332436735,Anti-Refle,4,Marka Y,Plastik,414.4133513324367
Marka B,3.8646026968927742,UV Filtre,3,Marka Z,Metal,378.64602696892774
Marka C,2.090496002934135,Yok,1,Marka Y,Plastik,250.90496002934134
Marka C,2.654196406101406,UV Filtre,2,Marka Z,Metal,336.541964061014
Marka C,1.4875443733477902,Yok,3,Marka X,Plastik,304.87544373347794
Marka C,1.7245973981387213,Anti-Refle,3,Marka Z,Titanyum,387.24597398138724
Marka C,3.7244714158599312,UV Filtre,4,Marka Y,Plastik,367.2447141585993
Marka A,1.7257533907825078,Yok,4,Marka Y,Metal,377.25753390782506
Marka C,3.1006535346682407,Yok,2,Marka Z,Titanyum,321.0065353466824
Marka C,3.8361850468897307,Anti-Refle,1,Marka Y,Plastik,328.3618504688973
Marka C,1.4275076923789753,Anti-Refle,4,Marka Y,Titanyum,424.27507692378975
Marka C,3.269248878515614,Anti-Refle,4,Marka X,Plastik,402.6924887851561
Marka B,2.026251134805455,UV Filtre,3,Marka Z,Titanyum,380.26251134805455
Marka A,4.851707500950319,Yok,4,Marka Z,Metal,388.5170750095032
Marka C,2.934182586879699,Anti-Refle,4,Marka Z,Plastik,359.341825868797
Marka C,4.223970199100632,UV Filtre,4,Marka Y,Plastik,372.2397019910063
Marka C,3.200906168625047,UV Filtre,4,Marka Z,Metal,382.00906168625045
Marka A,1.1736501314192767,UV Filtre,3,Marka Z,Titanyum,391.73650131419276
Marka B,3.5326055023760894,Anti-Refle,2,Marka X,Metal,415.3260550237609
Marka A,4.805613368826628,Anti-Refle,2,Marka X,Metal,448.0561336882663
Marka B,3.4064472805853248,Yok,1,Marka X,Titanyum,354.06447280585326
Marka C,4.276755437707161,Yok,4,Marka Y,Metal,372.76755437707163
Marka C,4.536825853393632,Anti-Refle,3,Marka Z,Plastik,355.36825853393634
Marka A,1.91231908779573,UV Filtre,1,Marka X,Plastik,339.1231908779573
Marka A,1.8481793596329066,UV Filtre,1,Marka X,Plastik,338.48179359632906
Marka B,3.443923955403967,UV Filtre,2,Marka X,Metal,394.43923955403966
Marka B,2.644113879226819,Yok,3,Marka Z,Plastik,286.4411387922682
Marka A,4.359445211466881,UV Filtre,3,Marka Z,Plastik,363.5944521146688
Marka B,4.600092493592045,Yok,3,Marka Z,Plastik,306.00092493592047
Marka A,2.4136855172108724,Yok,2,Marka Y,Plastik,304.1368551721087
Marka B,1.9474822358979282,UV Filtre,2,Marka Y,Plastik,319.4748223589793
Marka A,4.122102060975447,UV Filtre,2,Marka X,Plastik,381.2210206097545
Marka A,2.0992241421925444,Anti-Refle,2,Marka Z,Metal,380.9922414219254
Marka A,4.290457274054713,Anti-Refle,2,Marka X,Plastik,402.9045727405471
Marka B,2.6949530145950513,UV Filtre,4,Marka Z,Plastik,346.9495301459505
Marka B,3.670199597165882,Yok,4,Marka Z,Titanyum,376.7019959716588
Marka B,1.3821412553386727,Yok,3,Marka Z,Metal,313.8214125533867
Marka A,3.495437298706292,Yok,1,Marka Y,Metal,334.9543729870629
Marka B,2.8070707149489165,Yok,3,Marka Y,Metal,348.0707071494892
Marka B,3.3464338527018964,Yok,1,Marka Z,Metal,293.464338527019
Marka A,1.6720568309794537,Anti-Refle,2,Marka X,Plastik,376.72056830979454
Marka C,3.9474949797767285,UV Filtre,1,Marka Z,Plastik,289.4749497977673
Marka A,4.451188310172914,Anti-Refle,3,Marka Z,Titanyum,444.51188310172915
Marka B,1.8669592003631026,Yok,3,Marka X,Titanyum,378.669592003631
Marka A,1.382858222080647,Yok,1,Marka Z,Metal,293.8285822208065
Marka C,1.0945543441853456,Yok,4,Marka X,Titanyum,380.9455434418535
Marka A,3.567886001773064,Yok,2,Marka Y,Titanyum,375.67886001773064
Marka B,3.428376144355123,UV Filtre,2,Marka Y,Metal,374.2837614435512
Marka C,3.18678965085628,Yok,3,Marka X,Metal,361.8678965085628
Marka B,1.9277883844639017,UV Filtre,4,Marka Y,Titanyum,419.277883844639
Marka C,2.5636239836220587,Yok,1,Marka Y,Plastik,255.6362398362206
Marka C,3.377905340744692,UV Filtre,2,Marka X,Titanyum,403.7790534074469
Marka A,2.9870674354366775,Anti-Refle,4,Marka Y,Titanyum,469.87067435436677
Marka A,4.951142080859549,Yok,2,Marka Z,Plastik,309.5114208085955
Marka B,1.5457590102269325,UV Filtre,4,Marka Z,Plastik,335.45759010226936
Marka A,3.780578216190375,Anti-Refle,4,Marka X,Metal,477.8057821619037
Marka A,2.6172750724171685,Yok,3,Marka Y,Metal,366.1727507241717
Marka C,2.712798459702459,Yok,2,Marka Z,Titanyum,317.1279845970246
Marka A,3.870391062632705,Yok,1,Marka Z,Plastik,278.70391062632706
Marka C,3.7697446052974786,UV Filtre,3,Marka Y,Metal,387.6974460529748
Marka C,4.965023974808753,UV Filtre,3,Marka Y,Titanyum,419.65023974808753
Marka C,1.513577157816501,Anti-Refle,1,Marka Z,Plastik,285.135771578165
Marka B,1.4164385975366653,UV Filtre,3,Marka Z,Titanyum,374.16438597536666
Marka B,3.8973552685149646,UV Filtre,4,Marka X,Metal,438.9735526851497
Marka B,3.3135476680256364,Yok,4,Marka X,Metal,393.1354766802564
Marka C,2.0966426662392235,Yok,2,Marka Z,Plastik,250.96642666239222
Marka B,1.3176774759559464,Yok,2,Marka X,Titanyum,353.17677475955946
Marka B,1.3426329983857221,Yok,1,Marka Z,Plastik,233.42632998385722
Marka A,4.576763498656473,Yok,2,Marka Z,Metal,345.76763498656476
Marka B,1.7674692988749716,Yok,4,Marka X,Metal,377.6746929887497
Marka B,2.293486248462083,Yok,1,Marka X,Titanyum,342.9348624846208
Marka C,1.906625608907952,Anti-Refle,1,Marka Y,Titanyum,369.0662560890795
Marka C,2.4199852233277492,Anti-Refle,2,Marka Y,Titanyum,394.1998522332775
Marka C,1.2776953709843735,Anti-Refle,4,Marka Y,Plastik,362.7769537098437
Marka C,3.0762391636330815,Anti-Refle,1,Marka Z,Titanyum,360.7623916363308
Marka C,1.2704502543688596,Yok,4,Marka X,Titanyum,382.7045025436886
Marka C,4.201426031289446,Anti-Refle,4,Marka Z,Metal,412.01426031289446
Marka B,1.934848327641732,Yok,4,Marka X,Metal,379.3484832764173
Marka C,3.1600476584180424,Anti-Refle,2,Marka Z,Titanyum,381.60047658418046
Marka C,4.5203163502458334,UV Filtre,3,Marka Y,Titanyum,415.2031635024583
Marka A,3.6035094761887767,Anti-Refle,3,Marka Y,Metal,436.03509476188776
Marka B,3.131831146205341,Anti-Refle,1,Marka Y,Titanyum,391.31831146205343
Marka B,2.2973350124615024,Yok,4,Marka Z,Plastik,302.973350124615
Marka B,2.3320076522327917,Anti-Refle,2,Marka X,Plastik,363.3200765223279
Marka C,3.6779478207927605,UV Filtre,4,Marka X,Plastik,386.7794782079276
Marka C,4.97655744488467,Yok,4,Marka Y,Titanyum,399.7655744488467
Marka C,3.6473567593975145,Yok,2,Marka Y,Metal,326.47356759397513
Marka A,3.2311336694800996,Anti-Refle,3,Marka Y,Titanyum,452.311336694801
Marka C,3.9226020409569844,Yok,4,Marka Y,Titanyum,389.22602040956986
Marka A,2.8608224491348726,Yok,4,Marka X,Metal,408.6082244913487
Marka B,1.2405693704031409,Yok,3,Marka Z,Metal,312.4056937040314
Marka C,3.2491872635116392,Yok,2,Marka Z,Metal,302.4918726351164
Marka A,4.830501138021521,Yok,1,Marka Z,Plastik,288.3050113802152
Marka A,1.7012117694306386,Yok,3,Marka Z,Titanyum,357.0121176943064
Marka C,3.760019563282663,UV Filtre,1,Marka Y,Metal,347.6001956328266
Marka B,1.803734754636226,Anti-Refle,1,Marka Y,Titanyum,378.0373475463623
Marka B,3.143310737892325,UV Filtre,3,Marka Y,Plastik,351.43310737892324
Marka B,1.3867057985868785,Yok,4,Marka Z,Plastik,293.86705798586877
Marka A,2.8014837450327406,Yok,1,Marka Y,Metal,328.0148374503274
Marka A,4.024653315580984,Anti-Refle,1,Marka Y,Metal,400.24653315580986
Marka A,2.3902860969559283,UV Filtre,2,Marka X,Titanyum,423.9028609695593
Marka A,3.659646897948872,Anti-Refle,4,Marka X,Metal,476.5964689794887
Marka B,4.181799843158917,UV Filtre,1,Marka Y,Titanyum,381.81799843158916
Marka C,4.708711277917811,Yok,2,Marka X,Metal,357.08711277917814
Marka A,1.9385683274218142,Anti-Refle,4,Marka X,Titanyum,479.38568327421814
Marka A,2.5972636632372326,Anti-Refle,3,Marka Y,Titanyum,445.9726366323723
Marka B,1.6096640533216697,Yok,3,Marka Y,Titanyum,356.0966405332167
Marka C,4.969934008633501,Anti-Refle,2,Marka Y,Titanyum,419.69934008633504
Marka C,4.708003871697182,UV Filtre,3,Marka Y,Plastik,357.0800387169718
Marka B,3.1598285211222383,UV Filtre,1,Marka Z,Titanyum,351.5982852112224
Marka B,4.368133177505685,UV Filtre,4,Marka Z,Metal,403.68133177505683
Marka C,3.0838319090881687,UV Filtre,1,Marka Y,Plastik,300.83831909088167
Marka A,3.494342752011039,Yok,1,Marka X,Plastik,314.9434275201104
Marka C,1.3564977284640665,Anti-Refle,3,Marka Y,Titanyum,403.5649772846407
Marka B,4.021081681987232,UV Filtre,1,Marka Y,Plastik,320.2108168198723
Marka A,1.5108539345409393,Yok,3,Marka X,Titanyum,395.1085393454094
Marka A,4.304270521010114,Anti-Refle,4,Marka Z,Metal,443.04270521010113
Marka B,4.128112350681544,Anti-Refle,4,Marka Y,Titanyum,461.28112350681545
Marka B,3.8349787909719057,Yok,1,Marka Y,Plastik,278.34978790971905
Marka B,1.1446415220990485,Yok,2,Marka Z,Metal,291.4464152209905
Marka C,2.2125134237813144,UV Filtre,3,Marka Z,Titanyum,372.12513423781314
Marka C,2.0524502796433715,Anti-Refle,3,Marka X,Metal,410.5245027964337
Marka A,2.4405456298860764,Anti-Refle,1,Marka Z,Metal,364.40545629886077
Marka B,1.3505709870553542,Yok,3,Marka Z,Plastik,273.5057098705536
Marka A,4.747831292124252,Anti-Refle,3,Marka Z,Metal,427.4783129212425
Marka A,3.215208962849505,UV Filtre,2,Marka X,Plastik,372.15208962849505
Marka A,2.222097242632094,Anti-Refle,2,Marka Z,Metal,382.22097242632094
Marka A,2.5879260682971337,Yok,1,Marka Z,Titanyum,325.87926068297133
Marka B,2.7888101620193426,Yok,2,Marka X,Metal,347.8881016201934
Marka A,3.402377333442469,UV Filtre,1,Marka Z,Titanyum,374.0237733344247
Marka B,3.062717710785991,UV Filtre,4,Marka Z,Titanyum,410.6271771078599
Marka B,4.677567892857669,Anti-Refle,1,Marka X,Metal,406.77567892857667
Marka C,2.987853931623321,Anti-Refle,4,Marka Y,Titanyum,439.8785393162332
Marka B,4.968632059293251,Yok,1,Marka X,Metal,349.6863205929325
Marka C,4.405699830980383,UV Filtre,3,Marka Z,Metal,374.0569983098038
Marka B,1.8340420574293432,UV Filtre,2,Marka Z,Titanyum,358.34042057429343
Marka B,4.722380858575665,UV Filtre,4,Marka Z,Titanyum,427.2238085857566
Marka B,1.4654655915419044,Anti-Refle,1,Marka X,Plastik,334.6546559154191
Marka C,4.269798833964766,UV Filtre,2,Marka Z,Titanyum,372.6979883396477
Marka C,2.5224931739063203,Yok,1,Marka Z,Plastik,235.2249317390632
Marka A,4.5118972817802785,Yok,2,Marka X,Titanyum,405.1189728178028
